{"cameraMode":{"drawMode":0,"name":"Shaded","section":"Shading Mode"},"sceneLighting":true,"audioPlay":false,"sceneViewState":{"m_AlwaysRefresh":false,"showFog":true,"showSkybox":true,"showFlares":true,"showImageEffects":true,"showParticleSystems":true,"showVisualEffectGraphs":true,"m_FxEnabled":true},"in2DMode":false,"pivot":{"x":-16.058345794677736,"y":-1.5761377811431885,"z":-43.510562896728519},"rotation":{"x":-0.009248336777091027,"y":0.979348361492157,"z":-0.048107363283634189,"w":-0.19697442650794984},"size":23.711687088012697,"orthographic":false}